Level,Base_RMSE,MinTrace_RMSE,Improvement_%
Total,453477777.9146347,361782533.76863104,20.22044929470941
Business Unit,137969641.65996078,130834241.94789106,5.171717217078513
Segment,58432272.07069825,51380589.848780006,12.068129429207005
Subsegment,13472731.98328396,14002106.415747507,-3.929228556764572
