Level,Base_RMSE,MinTrace_RMSE,Improvement_%
Total,453477777.9146347,353406609.3340465,22.067491165890427
Business Unit,144757474.62075505,130279161.4336346,10.001772430095006
Segment,67187047.04170242,54922166.91597675,18.25482837207143
Subsegment,13472731.98328396,14501167.490156965,-7.633459257921987
